Workbook
Name _xlpm.rango: #NAME?
Name _xlpm.vals: #NAME?
Name ARSEUR: #REF!
Name ARSEUR_FWD: #REF!
Name COPEUR: #REF!
Name COPEUR_FWD: #REF!
Name ExBottomCurve: #REF!
Name ExCapitalDiv: #REF!
Name ExCapitalIndividual: #REF!
Name ExCorrelaciones: #REF!
Name ExCorrInput: #REF!
Name ExDescomp: #REF!
Name ExDiscretization: #REF!
Name ExDivParams: #REF!
Name ExDivParams_MER: #REF!
Name ExExplica: #REF!
Name ExExplicaTotal: #REF!
Name ExForwards: #REF!
Name ExFuentesRiesgo: #REF!
Name ExGraficoCE_1: #REF!
Name ExGraficoCE_2: #REF!
Name ExGraficoMER_1: #REF!
Name ExGraficoMER_2: #REF!
Name ExImpactosDiv: #REF!
Name ExImpactosDiv_MER: #REF!
Name ExImpactosIndividuales: #REF!
Name ExImpactosIndividuales_MER: #REF!
Name ExImpactosStress: #REF!
Name ExImpactosStress_EAR: #REF!
Name ExImpactosStress_MER: #REF!
Name ExIndParams: #REF!
Name ExIndParams_MER: #REF!
Name ExListCurves: #REF!
Name ExMERDiv: #REF!
Name ExMERIndividual: #REF!
Name ExNewCurves: #REF!
Name ExOutputs: #REF!
Name ExOutputsEAR: #REF!
Name ExOutputsStress: #REF!
Name ExOutputsStress2: #REF!
Name ExOutputsStress2_EAR: #REF!
Name ExOutputsStress2_MER: #REF!
Name ExOutputsStressMER: #REF!
Name ExPercDiv: #REF!
Name ExPercDiv_MER: #REF!
Name ExPercIndividual: #REF!
Name ExPercIndividual_MER: #REF!
Name ExProgramFiles: #REF!
Name ExResumen: #REF!
Name ExStress_EAR: #REF!
Name ExStress_MER: #REF!
Name ExStressParams: #REF!
Name ExStressParams_EAR: #REF!
Name ExStressParams_MER: #REF!
Name ExStressValor: #REF!
Name ExVentanas: #REF!
Name ExVolFunction: #REF!
Name MXNEUR: #REF!
Name MXNEUR_FWD: #REF!
Name PENEUR: #REF!

Sheet Instructions
A5: SETUP SHEETS
A6: Names of setup sheets must not be modified. Unnecessary sheets can be deleted
A7: Adding columns on the left and rows on the top is forbidden
A8: Data coordinates must contain the whole matrix. with its header row and column. it does not matter if they have data or not
A9: Do not include title rows or columns in data coordinates
A10: Be careful with matrix coordinates
A11: First matrix coordinates must always be in cell D4
A13: DATA SHEETS
A14: Cell data should be consistent with data type
A15: Avoid adding links

Sheet CapFloorSetup
C2: Set | D2: Base
C3: Data sheet | D3: Cap_Floor
C4: FLOOR_CRV_USD | D4: C10:E38

Sheet Cap_Floor
C2: PARAMETRIZACIÓN DE CAPS & FLOORS
C7: CAP&FLOOR
C10: FLOOR_CRV_USD | D10: CAP | E10: FLOOR
C11: 3M | D11: 1 | E11: 0.0001
C12: 6M | D12: 1 | E12: 0.0001
C13: 9M | D13: 1 | E13: 0.0001
C14: 12M | D14: 1 | E14: 0.0001
C15: 2Y | D15: 1 | E15: 0.0001
C16: 3Y | D16: 1 | E16: 0.0001
C17: 4Y | D17: 1 | E17: 0.0001
C18: 5Y | D18: 1 | E18: 0.0001
C19: 6Y | D19: 1 | E19: 0.0001
C20: 7Y | D20: 1 | E20: 0.0001
C21: 8Y | D21: 1 | E21: 0.0001
C22: 9Y | D22: 1 | E22: 0.0001
... C38: 25Y | D38: 1 | E38: 0.0001

Sheet RatesSetup
C2: Set | D2: Base | E2: Up100 | F2: Dwn100 | G2: Up200 | H2: Dwn200 | I2: Up400 | J2: Dwn400
C3: Data sheet | D3: Base | E3: =E2 -> Up100 | F3: =F2 -> Dwn100 | G3: =G2 -> Up200 | H3: =H2 -> Dwn200 | I3: =I2 -> Up400 | J3: =J2 -> Dwn400
C4: CRV_MXN | D4: B42:C70 | E4: =D4 -> B42:C70 | F4: =E4 -> B42:C70 | G4: =F4 -> B42:C70 | H4: =G4 -> B42:C70 | I4: =H4 -> B42:C70 | J4: =I4 -> B42:C70
C5: CRV_USD | D5: E42:F70 | E5: =D5 -> E42:F70 | F5: =E5 -> E42:F70 | G5: =F5 -> E42:F70 | H5: =G5 -> E42:F70 | I5: =H5 -> E42:F70 | J5: =I5 -> E42:F70

Sheet Base
B5: FORWARD CURVES
B39: PAR CURVES
B42: CRV_MXN | C42: 46053 | E42: CRV_USD | F42: =C42 -> 46053
B43: 3M | C43: 0.5503508 | E43: 3M | F43: 0.04571704
B44: 6M | C44: 0.5344607 | E44: 6M | F44: 0.04565455
B45: 9M | C45: 0.51216413 | E45: 9M | F45: 0.0455854
B46: 12M | C46: 0.4878837 | E46: 12M | F46: 0.04551625
B47: 2Y | C47: 0.39798236 | E47: 2Y | F47: 0.03731685
B48: 3Y | C48: 0.336351 | E48: 3Y | F48: 0.03632234
B49: 4Y | C49: 0.336351 | E49: 4Y | F49: 0.03652674
B50: 5Y | C50: 0.336351 | E50: 5Y | F50: 0.03673114
B51: 6Y | C51: 0.336351 | E51: 6Y | F51: 0.03748224
B52: 7Y | C52: 0.336351 | E52: 7Y | F52: 0.03823334
B53: 8Y | C53: 0.336351 | E53: 8Y | F53: 0.039040727
B54: 9Y | C54: 0.336351 | E54: 9Y | F54: 0.039848113
... B70: 25Y | C70: 0.336351 | E70: 25Y | F70: 0.04533072

Sheet Up100
B5: FORWARD CURVES
B39: PAR CURVES
B42: CRV_MXN | C42: 46053 | E42: CRV_USD | F42: =C42 -> 46053
B43: 3M | C43: =Base!C43+(D43/10000) -> 0.5603508 | D43: 100 | E43: 3M | F43: =Base!F43+(G43/10000) -> 0.05571704 | G43: 100
B44: 6M | C44: =Base!C44+(D44/10000) -> 0.5444607 | D44: 100 | E44: 6M | F44: =Base!F44+(G44/10000) -> 0.05565455 | G44: 100
B45: 9M | C45: =Base!C45+(D45/10000) -> 0.52216413 | D45: 100 | E45: 9M | F45: =Base!F45+(G45/10000) -> 0.0555854 | G45: 100
B46: 12M | C46: =Base!C46+(D46/10000) -> 0.4978837 | D46: 100 | E46: 12M | F46: =Base!F46+(G46/10000) -> 0.05551625 | G46: 100
B47: 2Y | C47: =Base!C47+(D47/10000) -> 0.40798236 | D47: 100 | E47: 2Y | F47: =Base!F47+(G47/10000) -> 0.04731685 | G47: 100
B48: 3Y | C48: =Base!C48+(D48/10000) -> 0.346351 | D48: 100 | E48: 3Y | F48: =Base!F48+(G48/10000) -> 0.04632234 | G48: 100
B49: 4Y | C49: =Base!C49+(D49/10000) -> 0.346351 | D49: 100 | E49: 4Y | F49: =Base!F49+(G49/10000) -> 0.04652674 | G49: 100
B50: 5Y | C50: =Base!C50+(D50/10000) -> 0.346351 | D50: 100 | E50: 5Y | F50: =Base!F50+(G50/10000) -> 0.04673114 | G50: 100
B51: 6Y | C51: =Base!C51+(D51/10000) -> 0.346351 | D51: 100 | E51: 6Y | F51: =Base!F51+(G51/10000) -> 0.04748224 | G51: 100
B52: 7Y | C52: =Base!C52+(D52/10000) -> 0.346351 | D52: 100 | E52: 7Y | F52: =Base!F52+(G52/10000) -> 0.04823334 | G52: 100
B53: 8Y | C53: =Base!C53+(D53/10000) -> 0.346351 | D53: 100 | E53: 8Y | F53: =Base!F53+(G53/10000) -> 0.049040727 | G53: 100
B54: 9Y | C54: =Base!C54+(D54/10000) -> 0.346351 | D54: 100 | E54: 9Y | F54: =Base!F54+(G54/10000) -> 0.049848113 | G54: 100
... B70: 25Y | C70: =Base!C70+(D70/10000) -> 0.346351 | D70: 100 | E70: 25Y | F70: =Base!F70+(G70/10000) -> 0.05533072 | G70: 100

Sheet Dwn100
B5: FORWARD CURVES
B39: PAR CURVES
B42: CRV_MXN | C42: 46053 | E42: CRV_USD | F42: =C42 -> 46053
B43: 3M | C43: =Base!C43+(D43/10000) -> 0.5403508 | D43: -100 | E43: 3M | F43: =Base!F43+(G43/10000) -> 0.03571704 | G43: -100
B44: 6M | C44: =Base!C44+(D44/10000) -> 0.5244607 | D44: -100 | E44: 6M | F44: =Base!F44+(G44/10000) -> 0.03565455 | G44: -100
B45: 9M | C45: =Base!C45+(D45/10000) -> 0.50216413 | D45: -100 | E45: 9M | F45: =Base!F45+(G45/10000) -> 0.0355854 | G45: -100
B46: 12M | C46: =Base!C46+(D46/10000) -> 0.4778837 | D46: -100 | E46: 12M | F46: =Base!F46+(G46/10000) -> 0.03551625 | G46: -100
B47: 2Y | C47: =Base!C47+(D47/10000) -> 0.38798236 | D47: -100 | E47: 2Y | F47: =Base!F47+(G47/10000) -> 0.02731685 | G47: -100
B48: 3Y | C48: =Base!C48+(D48/10000) -> 0.326351 | D48: -100 | E48: 3Y | F48: =Base!F48+(G48/10000) -> 0.02632234 | G48: -100
B49: 4Y | C49: =Base!C49+(D49/10000) -> 0.326351 | D49: -100 | E49: 4Y | F49: =Base!F49+(G49/10000) -> 0.02652674 | G49: -100
B50: 5Y | C50: =Base!C50+(D50/10000) -> 0.326351 | D50: -100 | E50: 5Y | F50: =Base!F50+(G50/10000) -> 0.02673114 | G50: -100
B51: 6Y | C51: =Base!C51+(D51/10000) -> 0.326351 | D51: -100 | E51: 6Y | F51: =Base!F51+(G51/10000) -> 0.02748224 | G51: -100
B52: 7Y | C52: =Base!C52+(D52/10000) -> 0.326351 | D52: -100 | E52: 7Y | F52: =Base!F52+(G52/10000) -> 0.02823334 | G52: -100
B53: 8Y | C53: =Base!C53+(D53/10000) -> 0.326351 | D53: -100 | E53: 8Y | F53: =Base!F53+(G53/10000) -> 0.029040727 | G53: -100
B54: 9Y | C54: =Base!C54+(D54/10000) -> 0.326351 | D54: -100 | E54: 9Y | F54: =Base!F54+(G54/10000) -> 0.029848113 | G54: -100
... B70: 25Y | C70: =Base!C70+(D70/10000) -> 0.326351 | D70: -100 | E70: 25Y | F70: =Base!F70+(G70/10000) -> 0.03533072 | G70: -100

Sheet Up200
B5: FORWARD CURVES
B39: PAR CURVES
B42: CRV_ARS | C42: 46053 | E42: CRV_USD | F42: =C42 -> 46053
B43: 3M | C43: =Base!C43+(D43/10000) -> 0.5703508 | D43: 200 | E43: 3M | F43: =Base!F43+(G43/10000) -> 0.06571704 | G43: 200
B44: 6M | C44: =Base!C44+(D44/10000) -> 0.5544607 | D44: 200 | E44: 6M | F44: =Base!F44+(G44/10000) -> 0.06565455 | G44: 200
B45: 9M | C45: =Base!C45+(D45/10000) -> 0.53216413 | D45: 200 | E45: 9M | F45: =Base!F45+(G45/10000) -> 0.0655854 | G45: 200
B46: 12M | C46: =Base!C46+(D46/10000) -> 0.5078837 | D46: 200 | E46: 12M | F46: =Base!F46+(G46/10000) -> 0.06551625 | G46: 200
B47: 2Y | C47: =Base!C47+(D47/10000) -> 0.41798236 | D47: 200 | E47: 2Y | F47: =Base!F47+(G47/10000) -> 0.05731685 | G47: 200
B48: 3Y | C48: =Base!C48+(D48/10000) -> 0.356351 | D48: 200 | E48: 3Y | F48: =Base!F48+(G48/10000) -> 0.05632234 | G48: 200
B49: 4Y | C49: =Base!C49+(D49/10000) -> 0.356351 | D49: 200 | E49: 4Y | F49: =Base!F49+(G49/10000) -> 0.05652674 | G49: 200
B50: 5Y | C50: =Base!C50+(D50/10000) -> 0.356351 | D50: 200 | E50: 5Y | F50: =Base!F50+(G50/10000) -> 0.05673114 | G50: 200
B51: 6Y | C51: =Base!C51+(D51/10000) -> 0.356351 | D51: 200 | E51: 6Y | F51: =Base!F51+(G51/10000) -> 0.05748224 | G51: 200
B52: 7Y | C52: =Base!C52+(D52/10000) -> 0.356351 | D52: 200 | E52: 7Y | F52: =Base!F52+(G52/10000) -> 0.05823334 | G52: 200
B53: 8Y | C53: =Base!C53+(D53/10000) -> 0.356351 | D53: 200 | E53: 8Y | F53: =Base!F53+(G53/10000) -> 0.059040727 | G53: 200
B54: 9Y | C54: =Base!C54+(D54/10000) -> 0.356351 | D54: 200 | E54: 9Y | F54: =Base!F54+(G54/10000) -> 0.059848113 | G54: 200
... B70: 25Y | C70: =Base!C70+(D70/10000) -> 0.356351 | D70: 200 | E70: 25Y | F70: =Base!F70+(G70/10000) -> 0.06533072 | G70: 200

Sheet Dwn200
B5: FORWARD CURVES
B39: PAR CURVES
B42: CRV_MXN | C42: 46053 | E42: CRV_USD | F42: =C42 -> 46053
B43: 3M | C43: =Base!C43+(D43/10000) -> 0.5303508 | D43: -200 | E43: 3M | F43: =Base!F43+(G43/10000) -> 0.02571704 | G43: -200
B44: 6M | C44: =Base!C44+(D44/10000) -> 0.5144607 | D44: -200 | E44: 6M | F44: =Base!F44+(G44/10000) -> 0.02565455 | G44: -200
B45: 9M | C45: =Base!C45+(D45/10000) -> 0.49216413 | D45: -200 | E45: 9M | F45: =Base!F45+(G45/10000) -> 0.0255854 | G45: -200
B46: 12M | C46: =Base!C46+(D46/10000) -> 0.4678837 | D46: -200 | E46: 12M | F46: =Base!F46+(G46/10000) -> 0.02551625 | G46: -200
B47: 2Y | C47: =Base!C47+(D47/10000) -> 0.37798236 | D47: -200 | E47: 2Y | F47: =Base!F47+(G47/10000) -> 0.01731685 | G47: -200
B48: 3Y | C48: =Base!C48+(D48/10000) -> 0.316351 | D48: -200 | E48: 3Y | F48: =Base!F48+(G48/10000) -> 0.01632234 | G48: -200
B49: 4Y | C49: =Base!C49+(D49/10000) -> 0.316351 | D49: -200 | E49: 4Y | F49: =Base!F49+(G49/10000) -> 0.01652674 | G49: -200
B50: 5Y | C50: =Base!C50+(D50/10000) -> 0.316351 | D50: -200 | E50: 5Y | F50: =Base!F50+(G50/10000) -> 0.01673114 | G50: -200
B51: 6Y | C51: =Base!C51+(D51/10000) -> 0.316351 | D51: -200 | E51: 6Y | F51: =Base!F51+(G51/10000) -> 0.01748224 | G51: -200
B52: 7Y | C52: =Base!C52+(D52/10000) -> 0.316351 | D52: -200 | E52: 7Y | F52: =Base!F52+(G52/10000) -> 0.01823334 | G52: -200
B53: 8Y | C53: =Base!C53+(D53/10000) -> 0.316351 | D53: -200 | E53: 8Y | F53: =Base!F53+(G53/10000) -> 0.019040727 | G53: -200
B54: 9Y | C54: =Base!C54+(D54/10000) -> 0.316351 | D54: -200 | E54: 9Y | F54: =Base!F54+(G54/10000) -> 0.019848113 | G54: -200
... B70: 25Y | C70: =Base!C70+(D70/10000) -> 0.316351 | D70: -200 | E70: 25Y | F70: =Base!F70+(G70/10000) -> 0.02533072 | G70: -200

Sheet Up400
B5: FORWARD CURVES
B39: PAR CURVES
B42: CRV_MXN | C42: 46053 | E42: CRV_USD | F42: =C42 -> 46053
B43: 3M | C43: =Base!C43+(D43/10000) -> 0.5903508 | D43: 400 | E43: 3M | F43: =Base!F43+(G43/10000) -> 0.08571704 | G43: 400
B44: 6M | C44: =Base!C44+(D44/10000) -> 0.5744607 | D44: 400 | E44: 6M | F44: =Base!F44+(G44/10000) -> 0.08565455 | G44: 400
B45: 9M | C45: =Base!C45+(D45/10000) -> 0.55216413 | D45: 400 | E45: 9M | F45: =Base!F45+(G45/10000) -> 0.0855854 | G45: 400
B46: 12M | C46: =Base!C46+(D46/10000) -> 0.5278837 | D46: 400 | E46: 12M | F46: =Base!F46+(G46/10000) -> 0.08551625 | G46: 400
B47: 2Y | C47: =Base!C47+(D47/10000) -> 0.43798236 | D47: 400 | E47: 2Y | F47: =Base!F47+(G47/10000) -> 0.07731685 | G47: 400
B48: 3Y | C48: =Base!C48+(D48/10000) -> 0.376351 | D48: 400 | E48: 3Y | F48: =Base!F48+(G48/10000) -> 0.07632234 | G48: 400
B49: 4Y | C49: =Base!C49+(D49/10000) -> 0.376351 | D49: 400 | E49: 4Y | F49: =Base!F49+(G49/10000) -> 0.07652674 | G49: 400
B50: 5Y | C50: =Base!C50+(D50/10000) -> 0.376351 | D50: 400 | E50: 5Y | F50: =Base!F50+(G50/10000) -> 0.07673114 | G50: 400
B51: 6Y | C51: =Base!C51+(D51/10000) -> 0.376351 | D51: 400 | E51: 6Y | F51: =Base!F51+(G51/10000) -> 0.07748224 | G51: 400
B52: 7Y | C52: =Base!C52+(D52/10000) -> 0.376351 | D52: 400 | E52: 7Y | F52: =Base!F52+(G52/10000) -> 0.07823334 | G52: 400
B53: 8Y | C53: =Base!C53+(D53/10000) -> 0.376351 | D53: 400 | E53: 8Y | F53: =Base!F53+(G53/10000) -> 0.079040727 | G53: 400
B54: 9Y | C54: =Base!C54+(D54/10000) -> 0.376351 | D54: 400 | E54: 9Y | F54: =Base!F54+(G54/10000) -> 0.079848113 | G54: 400
... B70: 25Y | C70: =Base!C70+(D70/10000) -> 0.376351 | D70: 400 | E70: 25Y | F70: =Base!F70+(G70/10000) -> 0.08533072 | G70: 400

Sheet Dwn400
B5: FORWARD CURVES
B39: PAR CURVES
B42: CRV_MXN | C42: 46053 | E42: CRV_USD | F42: =C42 -> 46053
B43: 3M | C43: =Base!C43+(D43/10000) -> 0.5103508 | D43: -400 | E43: 3M | F43: =Base!F43+(G43/10000) -> 0.00571704 | G43: -400
B44: 6M | C44: =Base!C44+(D44/10000) -> 0.4944607 | D44: -400 | E44: 6M | F44: =Base!F44+(G44/10000) -> 0.00565455 | G44: -400
B45: 9M | C45: =Base!C45+(D45/10000) -> 0.47216413 | D45: -400 | E45: 9M | F45: =Base!F45+(G45/10000) -> 0.0055854 | G45: -400
B46: 12M | C46: =Base!C46+(D46/10000) -> 0.4478837 | D46: -400 | E46: 12M | F46: =Base!F46+(G46/10000) -> 0.00551625 | G46: -400
B47: 2Y | C47: =Base!C47+(D47/10000) -> 0.35798236 | D47: -400 | E47: 2Y | F47: =Base!F47+(G47/10000) -> -0.00268315 | G47: -400
B48: 3Y | C48: =Base!C48+(D48/10000) -> 0.296351 | D48: -400 | E48: 3Y | F48: =Base!F48+(G48/10000) -> -0.00367766 | G48: -400
B49: 4Y | C49: =Base!C49+(D49/10000) -> 0.296351 | D49: -400 | E49: 4Y | F49: =Base!F49+(G49/10000) -> -0.00347326 | G49: -400
B50: 5Y | C50: =Base!C50+(D50/10000) -> 0.296351 | D50: -400 | E50: 5Y | F50: =Base!F50+(G50/10000) -> -0.00326886 | G50: -400
B51: 6Y | C51: =Base!C51+(D51/10000) -> 0.296351 | D51: -400 | E51: 6Y | F51: =Base!F51+(G51/10000) -> -0.00251776 | G51: -400
B52: 7Y | C52: =Base!C52+(D52/10000) -> 0.296351 | D52: -400 | E52: 7Y | F52: =Base!F52+(G52/10000) -> -0.00176666 | G52: -400
B53: 8Y | C53: =Base!C53+(D53/10000) -> 0.296351 | D53: -400 | E53: 8Y | F53: =Base!F53+(G53/10000) -> -0.00095927333 | G53: -400
B54: 9Y | C54: =Base!C54+(D54/10000) -> 0.296351 | D54: -400 | E54: 9Y | F54: =Base!F54+(G54/10000) -> -0.00015188667 | G54: -400
... B70: 25Y | C70: =Base!C70+(D70/10000) -> 0.296351 | D70: -400 | E70: 25Y | F70: =Base!F70+(G70/10000) -> 0.00533072 | G70: -400

Sheet IndexSetup
C2: Set | D2: IndexBase
C3: Data sheet | D3: Idx_Base
C4: NOGROWTH | D4: B6:C7

Sheet Idx_Base
B6: INDEX_1 | C6: 46053
B7: 1M | C7: 0
